Entity,Code,Year,Crude divorce rate
Australia,AUS,1970,1
Australia,AUS,1980,2.7
Australia,AUS,1981,2.8
Australia,AUS,1982,2.9
Australia,AUS,1983,2.8
Australia,AUS,1984,2.8
Australia,AUS,1985,2.5
Australia,AUS,1986,2.5
Australia,AUS,1987,2.4
Australia,AUS,1988,2.5
Australia,AUS,1989,2.5
Australia,AUS,1990,2.5
Australia,AUS,1991,2.6
Australia,AUS,1992,2.6
Australia,AUS,1993,2.7
Australia,AUS,1994,2.7
Australia,AUS,1995,2.8
Australia,AUS,1996,2.9
Australia,AUS,1997,2.8
Australia,AUS,1998,2.7
Australia,AUS,1999,2.8
Australia,AUS,2000,2.6
Australia,AUS,2001,2.8
Australia,AUS,2002,2.7
Australia,AUS,2003,2.7
Australia,AUS,2004,2.6
Australia,AUS,2005,2.6
Australia,AUS,2006,2.5
Australia,AUS,2007,2.3
Australia,AUS,2008,2.2
Australia,AUS,2009,2.3
Australia,AUS,2010,2.3
Australia,AUS,2011,2.2
Australia,AUS,2012,2.2
Australia,AUS,2013,2.1
Australia,AUS,2014,2
Australia,AUS,2015,2
Australia,AUS,2016,1.9315991
Australia,AUS,2017,2
Australia,AUS,2018,2
Australia,AUS,2019,1.9
Australia,AUS,2020,1.9
Australia,AUS,2021,2.2
Australia,AUS,2022,1.89
Austria,AUT,1960,1.1
Austria,AUT,1961,1.1
Austria,AUT,1962,1.1
Austria,AUT,1963,1.1
Austria,AUT,1964,1.2
Austria,AUT,1965,1.2
Austria,AUT,1966,1.2
Austria,AUT,1967,1.2
Austria,AUT,1968,1.3
Austria,AUT,1969,1.3
Austria,AUT,1970,1.4
Austria,AUT,1971,1.3
Austria,AUT,1972,1.3
Austria,AUT,1973,1.3
Austria,AUT,1974,1.4
Austria,AUT,1975,1.4
Austria,AUT,1976,1.5
Austria,AUT,1977,1.5
Austria,AUT,1978,1.6
Austria,AUT,1979,1.7
Austria,AUT,1980,1.8
Austria,AUT,1981,1.8
Austria,AUT,1982,1.9
Austria,AUT,1983,1.9
Austria,AUT,1984,2
Austria,AUT,1985,2
Austria,AUT,1986,1.9
Austria,AUT,1987,1.9
Austria,AUT,1988,2
Austria,AUT,1989,2
Austria,AUT,1990,2.1
Austria,AUT,1991,2.1
Austria,AUT,1992,2.1
Austria,AUT,1993,2.1
Austria,AUT,1994,2.1
Austria,AUT,1995,2.3
Austria,AUT,1996,2.3
Austria,AUT,1997,2.3
Austria,AUT,1998,2.2
Austria,AUT,1999,2.3
Austria,AUT,2000,2.4
Austria,AUT,2001,2.6
Austria,AUT,2002,2.5
Austria,AUT,2003,2.3
Austria,AUT,2004,2.4
Austria,AUT,2005,2.4
Austria,AUT,2006,2.5
Austria,AUT,2007,2.5
Austria,AUT,2008,2.4
Austria,AUT,2009,2.3
Austria,AUT,2010,2.1
Austria,AUT,2011,2.1
Austria,AUT,2012,2
Austria,AUT,2013,1.9
Austria,AUT,2014,1.9
Austria,AUT,2015,1.9
Austria,AUT,2016,1.8
Austria,AUT,2017,1.8
Austria,AUT,2018,1.8
Austria,AUT,2019,1.8
Austria,AUT,2020,1.7
Austria,AUT,2021,1.62
Austria,AUT,2022,1.54
Belgium,BEL,1960,0.5
Belgium,BEL,1961,0.5
Belgium,BEL,1962,0.5
Belgium,BEL,1963,0.6
Belgium,BEL,1964,0.6
Belgium,BEL,1965,0.6
Belgium,BEL,1966,0.6
Belgium,BEL,1967,0.6
Belgium,BEL,1968,0.6
Belgium,BEL,1969,0.7
Belgium,BEL,1970,0.7
Belgium,BEL,1971,0.7
Belgium,BEL,1972,0.8
Belgium,BEL,1973,0.9
Belgium,BEL,1974,1
Belgium,BEL,1975,1.1
Belgium,BEL,1976,1.3
Belgium,BEL,1977,1.3
Belgium,BEL,1978,1.4
Belgium,BEL,1979,1.4
Belgium,BEL,1980,1.5
Belgium,BEL,1981,1.6
Belgium,BEL,1982,1.6
Belgium,BEL,1983,1.7
Belgium,BEL,1984,1.9
Belgium,BEL,1985,1.9
Belgium,BEL,1986,1.9
Belgium,BEL,1987,2
Belgium,BEL,1988,2.1
Belgium,BEL,1989,2
Belgium,BEL,1990,2
Belgium,BEL,1991,2.1
Belgium,BEL,1992,2.2
Belgium,BEL,1993,2.1
Belgium,BEL,1994,2.2
Belgium,BEL,1995,3.5
Belgium,BEL,1996,2.8
Belgium,BEL,1997,2.6
Belgium,BEL,1998,2.6
Belgium,BEL,1999,2.6
Belgium,BEL,2000,2.6
Belgium,BEL,2001,2.8
Belgium,BEL,2002,3
Belgium,BEL,2003,3
Belgium,BEL,2004,3
Belgium,BEL,2005,2.9
Belgium,BEL,2006,2.8
Belgium,BEL,2007,2.8
Belgium,BEL,2008,3.3
Belgium,BEL,2009,3
Belgium,BEL,2010,2.7
Belgium,BEL,2011,2.5
Belgium,BEL,2012,2.3
Belgium,BEL,2013,2.2
Belgium,BEL,2014,2.2
Belgium,BEL,2015,2.2
Belgium,BEL,2016,2.1
Belgium,BEL,2017,2
Belgium,BEL,2018,2
Belgium,BEL,2019,2
Belgium,BEL,2020,1.8
Belgium,BEL,2021,1.9
Belgium,BEL,2022,1.7
Bulgaria,BGR,1961,1.1
Bulgaria,BGR,1962,1
Bulgaria,BGR,1963,1
Bulgaria,BGR,1964,1.1
Bulgaria,BGR,1965,1.1
Bulgaria,BGR,1966,1
Bulgaria,BGR,1967,1.2
Bulgaria,BGR,1968,1.2
Bulgaria,BGR,1969,1.1
Bulgaria,BGR,1970,1.2
Bulgaria,BGR,1971,1.1
Bulgaria,BGR,1972,1.2
Bulgaria,BGR,1973,1.3
Bulgaria,BGR,1974,1.3
Bulgaria,BGR,1975,1.3
Bulgaria,BGR,1976,1.3
Bulgaria,BGR,1977,1.5
Bulgaria,BGR,1978,1.4
Bulgaria,BGR,1979,1.4
Bulgaria,BGR,1980,1.5
Bulgaria,BGR,1981,1.5
Bulgaria,BGR,1982,1.5
Bulgaria,BGR,1983,1.6
Bulgaria,BGR,1984,1.5
Bulgaria,BGR,1985,1.6
Bulgaria,BGR,1986,1.1
Bulgaria,BGR,1987,1.3
Bulgaria,BGR,1988,1.4
Bulgaria,BGR,1989,1.4
Bulgaria,BGR,1990,1.3
Bulgaria,BGR,1991,1.3
Bulgaria,BGR,1992,1.1
Bulgaria,BGR,1993,0.9
Bulgaria,BGR,1994,0.9
Bulgaria,BGR,1995,1.3
Bulgaria,BGR,1996,1.2
Bulgaria,BGR,1997,1.1
Bulgaria,BGR,1998,1.3
Bulgaria,BGR,1999,1.2
Bulgaria,BGR,2000,1.3
Bulgaria,BGR,2001,1.3
Bulgaria,BGR,2002,1.3
Bulgaria,BGR,2003,1.5
Bulgaria,BGR,2004,1.9
Bulgaria,BGR,2005,1.9
Bulgaria,BGR,2006,2
Bulgaria,BGR,2007,2.2
Bulgaria,BGR,2008,1.9
Bulgaria,BGR,2009,1.6
Bulgaria,BGR,2010,1.5
Bulgaria,BGR,2011,1.4
Bulgaria,BGR,2012,1.6
Bulgaria,BGR,2013,1.5
Bulgaria,BGR,2014,1.5
Bulgaria,BGR,2015,1.5
Bulgaria,BGR,2016,1.5
Bulgaria,BGR,2017,1.5
Bulgaria,BGR,2018,1.5
Bulgaria,BGR,2019,1.6
Bulgaria,BGR,2020,1.3
Bulgaria,BGR,2021,1.5
Bulgaria,BGR,2022,1.4
Canada,CAN,1970,1.4
Canada,CAN,1980,2.5
Canada,CAN,1981,2.7
Canada,CAN,1982,2.8
Canada,CAN,1983,2.7
Canada,CAN,1984,2.6
Canada,CAN,1985,2.4
Canada,CAN,1986,3
Canada,CAN,1987,3.6
Canada,CAN,1988,3.1
Canada,CAN,1989,3
Canada,CAN,1990,2.8
Canada,CAN,1991,2.8
Canada,CAN,1992,2.8
Canada,CAN,1993,2.7
Canada,CAN,1994,2.7
Canada,CAN,1995,2.7
Canada,CAN,1996,2.4
Canada,CAN,1997,2.3
Canada,CAN,1998,2.3
Canada,CAN,1999,2.3
Canada,CAN,2000,2.3
Canada,CAN,2001,2.29
Canada,CAN,2002,2.24
Canada,CAN,2003,2.24
Canada,CAN,2004,2.18
Canada,CAN,2005,2.21
Canada,CAN,2006,2.29
Canada,CAN,2007,2.22
Canada,CAN,2008,2.11
Canada,CAN,2009,2.069
Canada,CAN,2010,2.049
Canada,CAN,2011,1.996
Canada,CAN,2012,1.974
Canada,CAN,2013,1.876
Canada,CAN,2014,1.77
Canada,CAN,2015,1.708
Canada,CAN,2016,1.728
Canada,CAN,2017,1.7
Canada,CAN,2018,1.7
Canada,CAN,2019,1.5
Canada,CAN,2020,1.1
Chile,CHL,2013,3.619995
Chile,CHL,2014,3.3011167
Chile,CHL,2015,3.3074176
Chile,CHL,2016,3.0714233
Chile,CHL,2017,3.1542642
Chile,CHL,2018,3.3169248
Chile,CHL,2019,3.2235465
Chile,CHL,2020,2.24
Chile,CHL,2021,3.63
China,CHN,2010,2
China,CHN,2011,1.6
China,CHN,2012,1.8
Colombia,COL,2011,0.20076187
Colombia,COL,2012,0.39010924
Colombia,COL,2013,0.37407878
Colombia,COL,2014,0.37747222
Colombia,COL,2015,0.41851816
Colombia,COL,2016,0.47719166
Colombia,COL,2017,0.46792954
Colombia,COL,2018,0.48270026
Colombia,COL,2019,0.48193055
Colombia,COL,2020,0.3756304
Colombia,COL,2021,0.51047295
Colombia,COL,2022,0.55
Costa Rica,CRI,2010,2.5
Costa Rica,CRI,2012,2.5
Costa Rica,CRI,2013,2.8
Costa Rica,CRI,2014,2.3
Costa Rica,CRI,2015,2.1
Costa Rica,CRI,2016,2.7
Costa Rica,CRI,2017,2.6
Costa Rica,CRI,2018,2.1989846
Costa Rica,CRI,2019,2.768725
Costa Rica,CRI,2020,2.3
Costa Rica,CRI,2021,2.8
Croatia,HRV,1960,1.2
Croatia,HRV,1961,1.2
Croatia,HRV,1962,1.2
Croatia,HRV,1963,1.2
Croatia,HRV,1964,1.2
Croatia,HRV,1965,1.3
Croatia,HRV,1966,1.3
Croatia,HRV,1967,1.1
Croatia,HRV,1968,1.1
Croatia,HRV,1969,1.2
Croatia,HRV,1970,1.2
Croatia,HRV,1971,1.2
Croatia,HRV,1972,1.3
Croatia,HRV,1973,1.3
Croatia,HRV,1974,1.4
Croatia,HRV,1975,1.3
Croatia,HRV,1976,1.3
Croatia,HRV,1977,1.2
Croatia,HRV,1978,1.3
Croatia,HRV,1979,1.1
Croatia,HRV,1980,1.2
Croatia,HRV,1981,1.2
Croatia,HRV,1982,1.2
Croatia,HRV,1983,1.1
Croatia,HRV,1984,1.1
Croatia,HRV,1985,1.1
Croatia,HRV,1986,1.3
Croatia,HRV,1987,1.2
Croatia,HRV,1988,1.2
Croatia,HRV,1989,1.1
Croatia,HRV,1990,1.1
Croatia,HRV,1991,1
Croatia,HRV,1992,0.8
Croatia,HRV,1993,1
Croatia,HRV,1994,1
Croatia,HRV,1995,0.9
Croatia,HRV,1996,0.8
Croatia,HRV,1997,0.9
Croatia,HRV,1998,0.9
Croatia,HRV,1999,0.8
Croatia,HRV,2000,1
Croatia,HRV,2001,1.1
Croatia,HRV,2002,1
Croatia,HRV,2003,1.1
Croatia,HRV,2004,1.2
Croatia,HRV,2005,1.1
Croatia,HRV,2006,1.1
Croatia,HRV,2007,1.1
Croatia,HRV,2008,1.2
Croatia,HRV,2009,1.2
Croatia,HRV,2010,1.2
Croatia,HRV,2011,1.3
Croatia,HRV,2012,1.3
Croatia,HRV,2013,1.4
Croatia,HRV,2014,1.4
Croatia,HRV,2015,1.4
Croatia,HRV,2016,1.7
Croatia,HRV,2017,1.5
Croatia,HRV,2018,1.5
Croatia,HRV,2019,1.5
Croatia,HRV,2020,1.3
Croatia,HRV,2021,1.3
Croatia,HRV,2022,1.2
Cyprus,CYP,1964,0.2
Cyprus,CYP,1965,0.2
Cyprus,CYP,1966,0.2
Cyprus,CYP,1967,0.2
Cyprus,CYP,1968,0.2
Cyprus,CYP,1969,0.2
Cyprus,CYP,1970,0.2
Cyprus,CYP,1971,0.3
Cyprus,CYP,1972,0.2
Cyprus,CYP,1973,0.2
Cyprus,CYP,1974,0.2
Cyprus,CYP,1975,0.2
Cyprus,CYP,1976,0.2
Cyprus,CYP,1977,0.3
Cyprus,CYP,1978,0.3
Cyprus,CYP,1979,0.3
Cyprus,CYP,1980,0.3
Cyprus,CYP,1981,0.3
Cyprus,CYP,1982,0.4
Cyprus,CYP,1983,0.5
Cyprus,CYP,1984,0.5
Cyprus,CYP,1985,0.5
Cyprus,CYP,1986,0.5
Cyprus,CYP,1987,0.6
Cyprus,CYP,1988,0.6
Cyprus,CYP,1989,0.6
Cyprus,CYP,1990,0.6
Cyprus,CYP,1991,0.5
Cyprus,CYP,1992,0.7
Cyprus,CYP,1993,0.8
Cyprus,CYP,1994,0.9
Cyprus,CYP,1995,1.2
Cyprus,CYP,1996,1.1
Cyprus,CYP,1997,1.3
Cyprus,CYP,1998,1.3
Cyprus,CYP,1999,1.7
Cyprus,CYP,2000,1.7
Cyprus,CYP,2001,1.7
Cyprus,CYP,2002,1.9
Cyprus,CYP,2003,2
Cyprus,CYP,2004,2.2
Cyprus,CYP,2005,2
Cyprus,CYP,2006,2.3
Cyprus,CYP,2007,2.1
Cyprus,CYP,2008,2.1
Cyprus,CYP,2009,2.2
Cyprus,CYP,2010,2.3
Cyprus,CYP,2011,2.3
Cyprus,CYP,2012,2.4
Cyprus,CYP,2013,2.2
Cyprus,CYP,2014,2.2
Cyprus,CYP,2015,2.1
Cyprus,CYP,2016,2.3
Cyprus,CYP,2017,2.2
Cyprus,CYP,2018,2.4
Cyprus,CYP,2019,2.6
Czechia,CZE,1960,1.4
Czechia,CZE,1961,1.5
Czechia,CZE,1962,1.5
Czechia,CZE,1963,1.5
Czechia,CZE,1964,1.5
Czechia,CZE,1965,1.7
Czechia,CZE,1966,1.8
Czechia,CZE,1967,1.8
Czechia,CZE,1968,1.9
Czechia,CZE,1969,2.1
Czechia,CZE,1970,2.2
Czechia,CZE,1971,2.4
Czechia,CZE,1972,2.3
Czechia,CZE,1973,2.5
Czechia,CZE,1974,2.5
Czechia,CZE,1975,2.6
Czechia,CZE,1976,2.5
Czechia,CZE,1977,2.5
Czechia,CZE,1978,2.6
Czechia,CZE,1979,2.5
Czechia,CZE,1980,2.6
Czechia,CZE,1981,2.7
Czechia,CZE,1982,2.7
Czechia,CZE,1983,2.8
Czechia,CZE,1984,3
Czechia,CZE,1985,2.9
Czechia,CZE,1986,2.9
Czechia,CZE,1987,3
Czechia,CZE,1988,3
Czechia,CZE,1989,3
Czechia,CZE,1990,3.1
Czechia,CZE,1991,2.8
Czechia,CZE,1992,2.8
Czechia,CZE,1993,2.9
Czechia,CZE,1994,3
Czechia,CZE,1995,3
Czechia,CZE,1996,3.2
Czechia,CZE,1997,3.2
Czechia,CZE,1998,3.1
Czechia,CZE,1999,2.3
Czechia,CZE,2000,2.9
Czechia,CZE,2001,3.1
Czechia,CZE,2002,3.1
Czechia,CZE,2003,3.8
Czechia,CZE,2004,3.2
Czechia,CZE,2005,3.1
Czechia,CZE,2006,3.1
Czechia,CZE,2007,3
Czechia,CZE,2008,3
Czechia,CZE,2009,2.8
Czechia,CZE,2010,2.9
Czechia,CZE,2011,2.7
Czechia,CZE,2012,2.5
Czechia,CZE,2013,2.7
Czechia,CZE,2014,2.5
Czechia,CZE,2015,2.5
Czechia,CZE,2016,2.4
Czechia,CZE,2017,2.4
Czechia,CZE,2018,2.3
Czechia,CZE,2019,2.3
Czechia,CZE,2020,2
Czechia,CZE,2021,2
Czechia,CZE,2022,1.9
Denmark,DNK,1960,1.5
Denmark,DNK,1961,1.4
Denmark,DNK,1962,1.4
Denmark,DNK,1963,1.4
Denmark,DNK,1964,1.4
Denmark,DNK,1965,1.4
Denmark,DNK,1966,1.4
Denmark,DNK,1967,1.4
Denmark,DNK,1968,1.6
Denmark,DNK,1969,1.8
Denmark,DNK,1970,1.9
Denmark,DNK,1971,2.7
Denmark,DNK,1972,2.6
Denmark,DNK,1973,2.5
Denmark,DNK,1974,2.6
Denmark,DNK,1975,2.6
Denmark,DNK,1976,2.6
Denmark,DNK,1977,2.6
Denmark,DNK,1978,2.6
Denmark,DNK,1979,2.5
Denmark,DNK,1980,2.7
Denmark,DNK,1981,2.8
Denmark,DNK,1982,2.9
Denmark,DNK,1983,2.9
Denmark,DNK,1984,2.8
Denmark,DNK,1985,2.8
Denmark,DNK,1986,2.8
Denmark,DNK,1987,2.8
Denmark,DNK,1988,2.9
Denmark,DNK,1989,3
Denmark,DNK,1990,2.7
Denmark,DNK,1991,2.5
Denmark,DNK,1992,2.5
Denmark,DNK,1993,2.5
Denmark,DNK,1994,2.6
Denmark,DNK,1995,2.5
Denmark,DNK,1996,2.4
Denmark,DNK,1997,2.4
Denmark,DNK,1998,2.5
Denmark,DNK,1999,2.5
Denmark,DNK,2000,2.7
Denmark,DNK,2001,2.7
Denmark,DNK,2002,2.8
Denmark,DNK,2003,2.9
Denmark,DNK,2004,2.9
Denmark,DNK,2005,2.8
Denmark,DNK,2006,2.6
Denmark,DNK,2007,2.6
Denmark,DNK,2008,2.7
Denmark,DNK,2009,2.7
Denmark,DNK,2010,2.6
Denmark,DNK,2011,2.6
Denmark,DNK,2012,2.8
Denmark,DNK,2013,3.4
Denmark,DNK,2014,3.4
Denmark,DNK,2015,2.9
Denmark,DNK,2016,3
Denmark,DNK,2017,2.6
Denmark,DNK,2018,2.6
Denmark,DNK,2019,1.8
Denmark,DNK,2020,2.7
Denmark,DNK,2021,2.2
Denmark,DNK,2022,2.08
Estonia,EST,1960,2.1
Estonia,EST,1961,2.1
Estonia,EST,1962,2
Estonia,EST,1963,2.2
Estonia,EST,1964,2.5
Estonia,EST,1965,2.3
Estonia,EST,1966,3.2
Estonia,EST,1967,3.2
Estonia,EST,1968,3.1
Estonia,EST,1969,3.3
Estonia,EST,1970,3.2
Estonia,EST,1971,3.2
Estonia,EST,1972,3.3
Estonia,EST,1973,3.2
Estonia,EST,1974,3.3
Estonia,EST,1975,3.4
Estonia,EST,1976,3.6
Estonia,EST,1977,3.9
Estonia,EST,1978,3.8
Estonia,EST,1979,4.1
Estonia,EST,1980,4.1
Estonia,EST,1981,4.1
Estonia,EST,1982,3.9
Estonia,EST,1983,4.2
Estonia,EST,1984,4.1
Estonia,EST,1985,4
Estonia,EST,1986,3.9
Estonia,EST,1987,3.9
Estonia,EST,1988,3.8
Estonia,EST,1989,3.8
Estonia,EST,1990,3.7
Estonia,EST,1991,3.7
Estonia,EST,1992,4.3
Estonia,EST,1993,3.9
Estonia,EST,1994,3.8
Estonia,EST,1995,5.2
Estonia,EST,1996,4
Estonia,EST,1997,3.8
Estonia,EST,1998,3.2
Estonia,EST,1999,3.3
Estonia,EST,2000,3
Estonia,EST,2001,3.1
Estonia,EST,2002,3
Estonia,EST,2003,2.9
Estonia,EST,2004,3.1
Estonia,EST,2005,3
Estonia,EST,2006,2.8
Estonia,EST,2007,2.8
Estonia,EST,2008,2.6
Estonia,EST,2009,2.4
Estonia,EST,2010,2.2
Estonia,EST,2011,2.3
Estonia,EST,2012,2.4
Estonia,EST,2013,2.5
Estonia,EST,2014,2.4
Estonia,EST,2015,2.6
Estonia,EST,2016,2.5
Estonia,EST,2017,2.5
Estonia,EST,2018,2.4
Estonia,EST,2019,2.1
Estonia,EST,2020,1.9
Estonia,EST,2022,1.9
Finland,FIN,1960,0.8
Finland,FIN,1961,0.9
Finland,FIN,1962,0.9
Finland,FIN,1963,0.9
Finland,FIN,1964,1
Finland,FIN,1965,1
Finland,FIN,1966,1.1
Finland,FIN,1967,1.1
Finland,FIN,1968,1.2
Finland,FIN,1969,1.3
Finland,FIN,1970,1.3
Finland,FIN,1971,1.6
Finland,FIN,1972,1.8
Finland,FIN,1973,1.9
Finland,FIN,1974,2.1
Finland,FIN,1975,2
Finland,FIN,1976,2.1
Finland,FIN,1977,2.1
Finland,FIN,1978,2.2
Finland,FIN,1979,2.1
Finland,FIN,1980,2
Finland,FIN,1981,2
Finland,FIN,1982,2
Finland,FIN,1983,2
Finland,FIN,1984,2
Finland,FIN,1985,1.8
Finland,FIN,1986,2
Finland,FIN,1987,2
Finland,FIN,1988,2.5
Finland,FIN,1989,2.9
Finland,FIN,1990,2.6
Finland,FIN,1991,2.6
Finland,FIN,1992,2.6
Finland,FIN,1993,2.5
Finland,FIN,1994,2.7
Finland,FIN,1995,2.7
Finland,FIN,1996,2.7
Finland,FIN,1997,2.6
Finland,FIN,1998,2.7
Finland,FIN,1999,2.7
Finland,FIN,2000,2.7
Finland,FIN,2001,2.6
Finland,FIN,2002,2.6
Finland,FIN,2003,2.6
Finland,FIN,2004,2.5
Finland,FIN,2005,2.6
Finland,FIN,2006,2.5
Finland,FIN,2007,2.5
Finland,FIN,2008,2.5
Finland,FIN,2009,2.5
Finland,FIN,2010,2.5
Finland,FIN,2011,2.5
Finland,FIN,2012,2.4
Finland,FIN,2013,2.5
Finland,FIN,2014,2.5
Finland,FIN,2015,2.5
Finland,FIN,2016,2.5
Finland,FIN,2017,2.4
Finland,FIN,2018,2.4
Finland,FIN,2019,2.4
Finland,FIN,2020,2.4
Finland,FIN,2021,2.2
Finland,FIN,2022,2
France,FRA,1995,2.1
France,FRA,1996,2
France,FRA,1997,2
France,FRA,1998,2
France,FRA,1999,2
France,FRA,2000,1.9
France,FRA,2001,1.9
France,FRA,2002,1.9
France,FRA,2003,2.1
France,FRA,2004,2.2
France,FRA,2005,2.5
France,FRA,2006,2.2
France,FRA,2007,2.1
France,FRA,2008,2.1
France,FRA,2009,2
France,FRA,2010,2.1
France,FRA,2011,2
France,FRA,2012,2
France,FRA,2013,1.9
France,FRA,2014,1.9
France,FRA,2015,1.9
France,FRA,2016,1.9
Germany,DEU,1960,1
Germany,DEU,1961,1
Germany,DEU,1962,1
Germany,DEU,1963,1
Germany,DEU,1964,1.1
Germany,DEU,1965,1.1
Germany,DEU,1966,1.1
Germany,DEU,1967,1.2
Germany,DEU,1968,1.2
Germany,DEU,1969,1.3
Germany,DEU,1970,1.3
Germany,DEU,1971,1.4
Germany,DEU,1972,1.5
Germany,DEU,1973,1.6
Germany,DEU,1974,1.8
Germany,DEU,1975,1.9
Germany,DEU,1976,2
Germany,DEU,1977,1.5
Germany,DEU,1978,1
Germany,DEU,1979,1.6
Germany,DEU,1980,1.8
Germany,DEU,1981,2
Germany,DEU,1982,2.1
Germany,DEU,1983,2.2
Germany,DEU,1984,2.3
Germany,DEU,1985,2.3
Germany,DEU,1986,2.3
Germany,DEU,1987,2.3
Germany,DEU,1988,2.3
Germany,DEU,1989,2.2
Germany,DEU,1990,1.9
Germany,DEU,1991,1.7
Germany,DEU,1992,1.7
Germany,DEU,1993,1.9
Germany,DEU,1994,2
Germany,DEU,1995,2.1
Germany,DEU,1996,2.1
Germany,DEU,1997,2.3
Germany,DEU,1998,2.3
Germany,DEU,1999,2.3
Germany,DEU,2000,2.4
Germany,DEU,2001,2.4
Germany,DEU,2002,2.5
Germany,DEU,2003,2.6
Germany,DEU,2004,2.6
Germany,DEU,2005,2.4
Germany,DEU,2006,2.3
Germany,DEU,2007,2.3
Germany,DEU,2008,2.3
Germany,DEU,2009,2.3
Germany,DEU,2010,2.3
Germany,DEU,2011,2.3
Germany,DEU,2012,2.2
Germany,DEU,2013,2.1
Germany,DEU,2014,2.1
Germany,DEU,2015,2
Germany,DEU,2016,2
Germany,DEU,2017,1.9
Germany,DEU,2018,1.8
Germany,DEU,2019,1.8
Germany,DEU,2020,1.7
Germany,DEU,2021,1.7
Germany,DEU,2022,1.63
Greece,GRC,1960,0.3
Greece,GRC,1961,0.3
Greece,GRC,1962,0.4
Greece,GRC,1963,0.4
Greece,GRC,1964,0.4
Greece,GRC,1965,0.4
Greece,GRC,1966,0.4
Greece,GRC,1967,0.4
Greece,GRC,1968,0.4
Greece,GRC,1969,0.4
Greece,GRC,1970,0.4
Greece,GRC,1971,0.4
Greece,GRC,1972,0.4
Greece,GRC,1973,0.5
Greece,GRC,1974,0.4
Greece,GRC,1975,0.4
Greece,GRC,1976,0.4
Greece,GRC,1977,0.5
Greece,GRC,1978,0.5
Greece,GRC,1979,0.5
Greece,GRC,1980,0.7
Greece,GRC,1981,0.7
Greece,GRC,1982,0.6
Greece,GRC,1983,0.6
Greece,GRC,1984,0.9
Greece,GRC,1985,0.8
Greece,GRC,1986,0.9
Greece,GRC,1987,0.9
Greece,GRC,1988,0.8
Greece,GRC,1989,0.6
Greece,GRC,1990,0.6
Greece,GRC,1991,0.6
Greece,GRC,1992,0.6
Greece,GRC,1993,0.7
Greece,GRC,1994,0.7
Greece,GRC,1995,1
Greece,GRC,1996,0.9
Greece,GRC,1997,0.9
Greece,GRC,1998,0.7
Greece,GRC,1999,0.9
Greece,GRC,2000,1
Greece,GRC,2001,1
Greece,GRC,2002,1
Greece,GRC,2003,1.1
Greece,GRC,2004,1.1
Greece,GRC,2005,1.2
Greece,GRC,2006,1.2
Greece,GRC,2007,1.2
Greece,GRC,2008,1.2
Greece,GRC,2009,1.2
Greece,GRC,2010,1.2
Greece,GRC,2011,1.1
Greece,GRC,2012,1.3
Greece,GRC,2013,1.5
Greece,GRC,2014,1.3
Greece,GRC,2015,1.4
Greece,GRC,2016,1
Greece,GRC,2017,1.8
Hungary,HUN,1960,1.7
Hungary,HUN,1961,1.7
Hungary,HUN,1962,1.7
Hungary,HUN,1963,1.8
Hungary,HUN,1964,1.9
Hungary,HUN,1965,2
Hungary,HUN,1966,2
Hungary,HUN,1967,2.1
Hungary,HUN,1968,2.1
Hungary,HUN,1969,2.1
Hungary,HUN,1970,2.2
Hungary,HUN,1971,2.3
Hungary,HUN,1972,2.3
Hungary,HUN,1973,2.4
Hungary,HUN,1974,2.3
Hungary,HUN,1975,2.5
Hungary,HUN,1976,2.6
Hungary,HUN,1977,2.6
Hungary,HUN,1978,2.7
Hungary,HUN,1979,2.6
Hungary,HUN,1980,2.6
Hungary,HUN,1981,2.6
Hungary,HUN,1982,2.7
Hungary,HUN,1983,2.7
Hungary,HUN,1984,2.7
Hungary,HUN,1985,2.8
Hungary,HUN,1986,2.8
Hungary,HUN,1987,2.8
Hungary,HUN,1988,2.3
Hungary,HUN,1989,2.4
Hungary,HUN,1990,2.4
Hungary,HUN,1991,2.4
Hungary,HUN,1992,2.1
Hungary,HUN,1993,2.2
Hungary,HUN,1994,2.3
Hungary,HUN,1995,2.4
Hungary,HUN,1996,2.2
Hungary,HUN,1997,2.4
Hungary,HUN,1998,2.5
Hungary,HUN,1999,2.5
Hungary,HUN,2000,2.3
Hungary,HUN,2001,2.4
Hungary,HUN,2002,2.5
Hungary,HUN,2003,2.5
Hungary,HUN,2004,2.4
Hungary,HUN,2005,2.5
Hungary,HUN,2006,2.5
Hungary,HUN,2007,2.5
Hungary,HUN,2008,2.5
Hungary,HUN,2009,2.4
Hungary,HUN,2010,2.4
Hungary,HUN,2011,2.3
Hungary,HUN,2012,2.2
Hungary,HUN,2013,2
Hungary,HUN,2014,2
Hungary,HUN,2015,2.1
Hungary,HUN,2016,2
Hungary,HUN,2017,1.9
Hungary,HUN,2018,1.7
Hungary,HUN,2019,1.8
Hungary,HUN,2020,1.5
Hungary,HUN,2021,1.9
Hungary,HUN,2022,1.8
Iceland,ISL,1960,0.7
Iceland,ISL,1961,0.9
Iceland,ISL,1962,0.7
Iceland,ISL,1963,1.1
Iceland,ISL,1964,0.9
Iceland,ISL,1965,0.9
Iceland,ISL,1966,1
Iceland,ISL,1967,0.9
Iceland,ISL,1968,1
Iceland,ISL,1969,1.3
Iceland,ISL,1970,1.2
Iceland,ISL,1971,1.5
Iceland,ISL,1972,1.5
Iceland,ISL,1973,1.6
Iceland,ISL,1974,1.7
Iceland,ISL,1975,1.8
Iceland,ISL,1976,1.7
Iceland,ISL,1977,1.8
Iceland,ISL,1978,1.8
Iceland,ISL,1979,1.7
Iceland,ISL,1980,1.9
Iceland,ISL,1981,2
Iceland,ISL,1982,1.8
Iceland,ISL,1983,2.1
Iceland,ISL,1984,1.9
Iceland,ISL,1985,2.2
Iceland,ISL,1986,2
Iceland,ISL,1987,1.9
Iceland,ISL,1988,1.8
Iceland,ISL,1989,2.1
Iceland,ISL,1990,1.9
Iceland,ISL,1991,2.1
Iceland,ISL,1992,2
Iceland,ISL,1993,2
Iceland,ISL,1994,1.8
Iceland,ISL,1995,1.8
Iceland,ISL,1996,2
Iceland,ISL,1997,1.9
Iceland,ISL,1998,1.8
Iceland,ISL,1999,1.7
Iceland,ISL,2000,1.9
Iceland,ISL,2001,1.9
Iceland,ISL,2002,1.8
Iceland,ISL,2003,1.8
Iceland,ISL,2004,1.9
Iceland,ISL,2005,1.9
Iceland,ISL,2006,1.6
Iceland,ISL,2007,1.7
Iceland,ISL,2008,1.7
Iceland,ISL,2009,1.7
Iceland,ISL,2010,1.8
Iceland,ISL,2011,1.6
Iceland,ISL,2020,1.9
Ireland,IRL,1997,0
Ireland,IRL,1998,0.4
Ireland,IRL,1999,0.6
Ireland,IRL,2000,0.7
Ireland,IRL,2001,0.7
Ireland,IRL,2002,0.7
Ireland,IRL,2003,0.7
Ireland,IRL,2004,0.8
Ireland,IRL,2005,0.8
Ireland,IRL,2006,0.9
Ireland,IRL,2007,0.8
Ireland,IRL,2008,0.8
Ireland,IRL,2009,0.7
Ireland,IRL,2010,0.7
Ireland,IRL,2011,0.6
Ireland,IRL,2012,0.6
Ireland,IRL,2013,0.6
Ireland,IRL,2014,0.6
Ireland,IRL,2015,0.7
Ireland,IRL,2016,0.7
Ireland,IRL,2017,0.7
Israel,ISR,1970,0.8
Israel,ISR,1985,1.2
Israel,ISR,1986,1.2
Israel,ISR,1987,1.2
Israel,ISR,1988,1.3
Israel,ISR,1989,1.3
Israel,ISR,1990,1.4
Israel,ISR,1991,1.3
Israel,ISR,1992,1.4
Israel,ISR,1993,1.4
Israel,ISR,1994,1.5
Israel,ISR,1995,1.6
Israel,ISR,1996,1.5
Israel,ISR,1997,1.6
Israel,ISR,1998,1.7
Israel,ISR,1999,1.7
Israel,ISR,2000,1.8
Israel,ISR,2001,1.7950573
Israel,ISR,2002,1.7
Israel,ISR,2003,1.7
Israel,ISR,2004,1.6
Israel,ISR,2005,1.6
Israel,ISR,2006,1.9
Israel,ISR,2007,1.8
Israel,ISR,2008,1.8
Israel,ISR,2009,1.8
Israel,ISR,2010,1.7
Israel,ISR,2011,1.7
Israel,ISR,2012,1.7
Israel,ISR,2013,1.8
Israel,ISR,2014,1.8
Israel,ISR,2015,1.7
Israel,ISR,2016,1.7
Israel,ISR,2017,1.7
Israel,ISR,2018,1.8
Israel,ISR,2019,1.8
Israel,ISR,2020,1.65
Israel,ISR,2021,1.72
Italy,ITA,1971,0.3
Italy,ITA,1972,0.6
Italy,ITA,1973,0.3
Italy,ITA,1974,0.3
Italy,ITA,1975,0.2
Italy,ITA,1976,0.2
Italy,ITA,1977,0.2
Italy,ITA,1978,0.2
Italy,ITA,1979,0.2
Italy,ITA,1980,0.2
Italy,ITA,1981,0.2
Italy,ITA,1982,0.3
Italy,ITA,1983,0.2
Italy,ITA,1984,0.3
Italy,ITA,1985,0.3
Italy,ITA,1986,0.3
Italy,ITA,1987,0.5
Italy,ITA,1988,0.5
Italy,ITA,1989,0.5
Italy,ITA,1990,0.5
Italy,ITA,1991,0.5
Italy,ITA,1992,0.5
Italy,ITA,1993,0.4
Italy,ITA,1994,0.5
Italy,ITA,1995,0.5
Italy,ITA,1996,0.6
Italy,ITA,1997,0.6
Italy,ITA,1998,0.6
Italy,ITA,1999,0.6
Italy,ITA,2000,0.7
Italy,ITA,2001,0.7
Italy,ITA,2002,0.7
Italy,ITA,2003,0.8
Italy,ITA,2004,0.8
Italy,ITA,2005,0.8
Italy,ITA,2006,0.9
Italy,ITA,2007,0.9
Italy,ITA,2008,0.9
Italy,ITA,2009,0.9
Italy,ITA,2010,0.9
Italy,ITA,2011,0.9
Italy,ITA,2012,0.9
Italy,ITA,2013,0.9
Italy,ITA,2014,0.9
Italy,ITA,2015,1.4
Italy,ITA,2016,1.6
Italy,ITA,2017,1.5
Italy,ITA,2018,1.5
Italy,ITA,2019,1.4
Italy,ITA,2020,1.1
Italy,ITA,2021,1.4
Italy,ITA,2022,1.4
Japan,JPN,1960,0.7
Japan,JPN,1963,0.7
Japan,JPN,1964,0.7
Japan,JPN,1965,0.8
Japan,JPN,1966,0.8
Japan,JPN,1967,0.8
Japan,JPN,1968,0.9
Japan,JPN,1969,0.9
Japan,JPN,1970,0.9
Japan,JPN,1971,1
Japan,JPN,1972,1
Japan,JPN,1973,1
Japan,JPN,1974,1
Japan,JPN,1975,1.1
Japan,JPN,1976,1.1
Japan,JPN,1977,1.1
Japan,JPN,1978,1.2
Japan,JPN,1979,1.2
Japan,JPN,1980,1.2
Japan,JPN,1981,1.3
Japan,JPN,1982,1.4
Japan,JPN,1983,1.5
Japan,JPN,1984,1.5
Japan,JPN,1985,1.4
Japan,JPN,1986,1.4
Japan,JPN,1987,1.3
Japan,JPN,1988,1.3
Japan,JPN,1989,1.3
Japan,JPN,1990,1.3
Japan,JPN,1991,1.4
Japan,JPN,1992,1.5
Japan,JPN,1993,1.5
Japan,JPN,1994,1.6
Japan,JPN,1995,1.6
Japan,JPN,1996,1.7
Japan,JPN,1997,1.8
Japan,JPN,1998,1.9
Japan,JPN,1999,2
Japan,JPN,2000,2.1
Japan,JPN,2001,2.27
Japan,JPN,2002,2.3
Japan,JPN,2003,2.25
Japan,JPN,2004,2.15
Japan,JPN,2005,2.08
Japan,JPN,2006,2.04
Japan,JPN,2007,2.02
Japan,JPN,2008,1.99
Japan,JPN,2009,2.01
Japan,JPN,2010,1.99
Japan,JPN,2011,1.87
Japan,JPN,2012,1.87
Japan,JPN,2013,1.84
Japan,JPN,2014,1.77
Japan,JPN,2015,1.81
Japan,JPN,2016,1.73
Japan,JPN,2017,1.7
Japan,JPN,2018,1.68
Japan,JPN,2019,1.69
Japan,JPN,2020,1.57
Japan,JPN,2021,1.47
Japan,JPN,2022,1.52
Latvia,LVA,1960,2.4
Latvia,LVA,1961,2.4
Latvia,LVA,1962,2.5
Latvia,LVA,1963,2.3
Latvia,LVA,1964,2.3
Latvia,LVA,1965,2.8
Latvia,LVA,1966,4.8
Latvia,LVA,1967,4.2
Latvia,LVA,1968,4.3
Latvia,LVA,1969,4.4
Latvia,LVA,1970,4.6
Latvia,LVA,1971,4.6
Latvia,LVA,1972,4.5
Latvia,LVA,1973,4.8
Latvia,LVA,1974,4.9
Latvia,LVA,1975,4.8
Latvia,LVA,1976,5
Latvia,LVA,1977,5.1
Latvia,LVA,1978,5.1
Latvia,LVA,1979,5.5
Latvia,LVA,1980,5
Latvia,LVA,1981,4.9
Latvia,LVA,1982,4.8
Latvia,LVA,1983,4.9
Latvia,LVA,1984,4.7
Latvia,LVA,1985,4.5
Latvia,LVA,1986,4.3
Latvia,LVA,1987,4.1
Latvia,LVA,1988,4.1
Latvia,LVA,1989,4.2
Latvia,LVA,1990,4
Latvia,LVA,1991,4.2
Latvia,LVA,1992,5.6
Latvia,LVA,1993,4
Latvia,LVA,1994,3.3
Latvia,LVA,1995,3.1
Latvia,LVA,1996,2.5
Latvia,LVA,1997,2.5
Latvia,LVA,1998,2.6
Latvia,LVA,1999,2.5
Latvia,LVA,2000,2.6
Latvia,LVA,2001,2.5
Latvia,LVA,2002,2.6
Latvia,LVA,2003,2.1
Latvia,LVA,2004,2.3
Latvia,LVA,2005,2.8
Latvia,LVA,2006,3.3
Latvia,LVA,2007,3.4
Latvia,LVA,2008,2.9
Latvia,LVA,2009,2.4
Latvia,LVA,2010,2.4
Latvia,LVA,2011,4
Latvia,LVA,2012,3.6
Latvia,LVA,2013,3.5
Latvia,LVA,2014,3.1
Latvia,LVA,2015,2.6
Latvia,LVA,2016,3.1
Latvia,LVA,2017,3.1
Latvia,LVA,2018,3.1
Latvia,LVA,2019,3.1
Latvia,LVA,2020,2.7
Latvia,LVA,2021,2.5
Latvia,LVA,2022,2.9
Lithuania,LTU,1960,0.9
Lithuania,LTU,1961,0.9
Lithuania,LTU,1962,0.9
Lithuania,LTU,1963,0.8
Lithuania,LTU,1964,0.9
Lithuania,LTU,1965,0.9
Lithuania,LTU,1966,1.8
Lithuania,LTU,1967,1.8
Lithuania,LTU,1968,2
Lithuania,LTU,1969,2.1
Lithuania,LTU,1970,2.2
Lithuania,LTU,1971,2.2
Lithuania,LTU,1972,2.3
Lithuania,LTU,1973,2.5
Lithuania,LTU,1974,2.5
Lithuania,LTU,1975,2.7
Lithuania,LTU,1976,2.9
Lithuania,LTU,1977,3.1
Lithuania,LTU,1978,3
Lithuania,LTU,1979,3.2
Lithuania,LTU,1980,3.2
Lithuania,LTU,1981,3.2
Lithuania,LTU,1982,3.1
Lithuania,LTU,1983,3.2
Lithuania,LTU,1984,3.2
Lithuania,LTU,1985,3.2
Lithuania,LTU,1986,3.3
Lithuania,LTU,1987,3.2
Lithuania,LTU,1988,3.2
Lithuania,LTU,1989,3.3
Lithuania,LTU,1990,3.4
Lithuania,LTU,1991,4.1
Lithuania,LTU,1992,3.8
Lithuania,LTU,1993,3.8
Lithuania,LTU,1994,3
Lithuania,LTU,1995,2.8
Lithuania,LTU,1996,3.1
Lithuania,LTU,1997,3.2
Lithuania,LTU,1998,3.3
Lithuania,LTU,1999,3.2
Lithuania,LTU,2000,3.1
Lithuania,LTU,2001,3.2
Lithuania,LTU,2002,3.1
Lithuania,LTU,2003,3.1
Lithuania,LTU,2004,3.3
Lithuania,LTU,2005,3.3
Lithuania,LTU,2006,3.4
Lithuania,LTU,2007,3.5
Lithuania,LTU,2008,3.2
Lithuania,LTU,2009,2.9
Lithuania,LTU,2010,3.2
Lithuania,LTU,2011,3.4
Lithuania,LTU,2012,3.5
Lithuania,LTU,2013,3.4
Lithuania,LTU,2014,3.3
Lithuania,LTU,2015,3.2
Lithuania,LTU,2016,3.1
Lithuania,LTU,2017,3
Lithuania,LTU,2018,3.1
Lithuania,LTU,2019,3.1
Lithuania,LTU,2020,2.7
Lithuania,LTU,2021,2.8
Lithuania,LTU,2022,2.6
Luxembourg,LUX,1960,0.5
Luxembourg,LUX,1961,0.4
Luxembourg,LUX,1962,0.4
Luxembourg,LUX,1963,0.4
Luxembourg,LUX,1964,0.4
Luxembourg,LUX,1965,0.4
Luxembourg,LUX,1966,0.6
Luxembourg,LUX,1967,0.6
Luxembourg,LUX,1968,0.6
Luxembourg,LUX,1969,0.6
Luxembourg,LUX,1970,0.6
Luxembourg,LUX,1971,0.7
Luxembourg,LUX,1972,0.8
Luxembourg,LUX,1973,0.8
Luxembourg,LUX,1974,0.8
Luxembourg,LUX,1975,0.6
Luxembourg,LUX,1976,1
Luxembourg,LUX,1977,1.1
Luxembourg,LUX,1978,1.5
Luxembourg,LUX,1979,1.2
Luxembourg,LUX,1980,1.6
Luxembourg,LUX,1981,1.4
Luxembourg,LUX,1982,1.7
Luxembourg,LUX,1983,1.6
Luxembourg,LUX,1984,1.7
Luxembourg,LUX,1985,1.8
Luxembourg,LUX,1986,1.8
Luxembourg,LUX,1987,2
Luxembourg,LUX,1988,2.1
Luxembourg,LUX,1989,2.3
Luxembourg,LUX,1990,2
Luxembourg,LUX,1991,2
Luxembourg,LUX,1992,1.8
Luxembourg,LUX,1993,1.9
Luxembourg,LUX,1994,1.7
Luxembourg,LUX,1995,1.8
Luxembourg,LUX,1996,2
Luxembourg,LUX,1997,2.4
Luxembourg,LUX,1998,2.4
Luxembourg,LUX,1999,2.4
Luxembourg,LUX,2000,2.4
Luxembourg,LUX,2001,2.3
Luxembourg,LUX,2002,2.4
Luxembourg,LUX,2003,2.3
Luxembourg,LUX,2004,2.3
Luxembourg,LUX,2005,2.2
Luxembourg,LUX,2006,2.5
Luxembourg,LUX,2007,2.3
Luxembourg,LUX,2008,2
Luxembourg,LUX,2009,2.1
Luxembourg,LUX,2010,2.1
Luxembourg,LUX,2011,2.3
Luxembourg,LUX,2012,2
Luxembourg,LUX,2013,2.1
Luxembourg,LUX,2014,2.6
Luxembourg,LUX,2015,2.4
Luxembourg,LUX,2016,2.1
Luxembourg,LUX,2017,2
Luxembourg,LUX,2018,2
Luxembourg,LUX,2019,3.1
Luxembourg,LUX,2020,2.3
Luxembourg,LUX,2021,2.2
Luxembourg,LUX,2022,1.9
Malta,MLT,2011,0.1
Malta,MLT,2012,1.1
Malta,MLT,2013,0.8
Malta,MLT,2014,0.7
Malta,MLT,2015,0.8
Malta,MLT,2016,0.8
Malta,MLT,2017,0.7
Malta,MLT,2018,0.7
Malta,MLT,2019,0.7
Malta,MLT,2020,0.5
Malta,MLT,2021,0.6
Malta,MLT,2022,0.9
Mexico,MEX,1970,0.6
Mexico,MEX,1985,0.4
Mexico,MEX,1992,0.6
Mexico,MEX,1993,0.4
Mexico,MEX,1994,0.4
Mexico,MEX,1995,0.4
Mexico,MEX,1996,0.4
Mexico,MEX,1997,0.4
Mexico,MEX,1998,0.5
Mexico,MEX,1999,0.5
Mexico,MEX,2000,0.5
Mexico,MEX,2001,0.58
Mexico,MEX,2002,0.6
Mexico,MEX,2003,0.63
Mexico,MEX,2004,0.66
Mexico,MEX,2005,0.6872
Mexico,MEX,2006,0.6903122
Mexico,MEX,2007,0.7302625
Mexico,MEX,2008,0.7672391
Mexico,MEX,2009,0.783835
Mexico,MEX,2010,0.75306624
Mexico,MEX,2011,0.78909695
Mexico,MEX,2012,0.85011375
Mexico,MEX,2013,0.9
Mexico,MEX,2014,0.9
Mexico,MEX,2015,1
Mexico,MEX,2016,1.1
Mexico,MEX,2017,1.2
Mexico,MEX,2018,1.2
Mexico,MEX,2019,1.3
Mexico,MEX,2020,0.7
Mexico,MEX,2021,1.16
Mexico,MEX,2022,1.28
Netherlands,NLD,1960,0.5
Netherlands,NLD,1961,0.5
Netherlands,NLD,1962,0.5
Netherlands,NLD,1963,0.5
Netherlands,NLD,1964,0.5
Netherlands,NLD,1965,0.5
Netherlands,NLD,1966,0.5
Netherlands,NLD,1967,0.6
Netherlands,NLD,1968,0.6
Netherlands,NLD,1969,0.7
Netherlands,NLD,1970,0.8
Netherlands,NLD,1971,0.9
Netherlands,NLD,1972,1.1
Netherlands,NLD,1973,1.3
Netherlands,NLD,1974,1.4
Netherlands,NLD,1975,1.5
Netherlands,NLD,1976,1.5
Netherlands,NLD,1977,1.6
Netherlands,NLD,1978,1.6
Netherlands,NLD,1979,1.7
Netherlands,NLD,1980,1.8
Netherlands,NLD,1981,2
Netherlands,NLD,1982,2.2
Netherlands,NLD,1983,2.3
Netherlands,NLD,1984,2.4
Netherlands,NLD,1985,2.3
Netherlands,NLD,1986,2
Netherlands,NLD,1987,1.9
Netherlands,NLD,1988,1.9
Netherlands,NLD,1989,1.9
Netherlands,NLD,1990,1.9
Netherlands,NLD,1991,1.9
Netherlands,NLD,1992,2
Netherlands,NLD,1993,2
Netherlands,NLD,1994,2.4
Netherlands,NLD,1995,2.2
Netherlands,NLD,1996,2.2
Netherlands,NLD,1997,2.2
Netherlands,NLD,1998,2.1
Netherlands,NLD,1999,2.1
Netherlands,NLD,2000,2.2
Netherlands,NLD,2001,2.3
Netherlands,NLD,2002,2.1
Netherlands,NLD,2003,1.9
Netherlands,NLD,2004,1.9
Netherlands,NLD,2005,2
Netherlands,NLD,2006,1.9
Netherlands,NLD,2007,2
Netherlands,NLD,2008,2
Netherlands,NLD,2009,1.9
Netherlands,NLD,2010,2
Netherlands,NLD,2011,2
Netherlands,NLD,2012,2.1
Netherlands,NLD,2013,2
Netherlands,NLD,2014,2.1
Netherlands,NLD,2015,2
Netherlands,NLD,2016,2
Netherlands,NLD,2017,1.9
Netherlands,NLD,2018,1.8
Netherlands,NLD,2019,1.7
Netherlands,NLD,2020,1.7
Netherlands,NLD,2021,1.5
Netherlands,NLD,2022,1.3
New Zealand,NZL,1970,1.1
New Zealand,NZL,1985,2.6
New Zealand,NZL,1992,2.7
New Zealand,NZL,1995,2.6
New Zealand,NZL,1996,2.7
New Zealand,NZL,1997,2.6
New Zealand,NZL,1998,2.6
New Zealand,NZL,1999,2.6
New Zealand,NZL,2000,2.5
New Zealand,NZL,2001,2.5
New Zealand,NZL,2002,2.61
New Zealand,NZL,2003,2.62
New Zealand,NZL,2004,2.61
New Zealand,NZL,2005,2.4328
New Zealand,NZL,2006,2.4292
New Zealand,NZL,2007,2.282241
New Zealand,NZL,2008,2.2752934
New Zealand,NZL,2009,2.024422
New Zealand,NZL,2010,2.0316865
New Zealand,NZL,2011,1.941115
New Zealand,NZL,2012,1.981728
New Zealand,NZL,2013,1.9
New Zealand,NZL,2014,1.8
New Zealand,NZL,2015,1.8268757
New Zealand,NZL,2016,1.7134408
New Zealand,NZL,2017,1.6464657
New Zealand,NZL,2018,1.5087428
New Zealand,NZL,2019,1.6641537
New Zealand,NZL,2020,1.5092825
New Zealand,NZL,2021,1.24
New Zealand,NZL,2022,1.48
Norway,NOR,1960,0.7
Norway,NOR,1961,0.7
Norway,NOR,1962,0.7
Norway,NOR,1963,0.7
Norway,NOR,1964,0.7
Norway,NOR,1965,0.7
Norway,NOR,1966,0.7
Norway,NOR,1967,0.8
Norway,NOR,1968,0.8
Norway,NOR,1969,0.8
Norway,NOR,1970,0.9
Norway,NOR,1971,1
Norway,NOR,1972,1
Norway,NOR,1973,1.2
Norway,NOR,1974,1.3
Norway,NOR,1975,1.4
Norway,NOR,1976,1.4
Norway,NOR,1977,1.5
Norway,NOR,1978,1.5
Norway,NOR,1979,1.6
Norway,NOR,1980,1.6
Norway,NOR,1981,1.7
Norway,NOR,1982,1.7
Norway,NOR,1983,1.9
Norway,NOR,1984,1.9
Norway,NOR,1985,2
Norway,NOR,1986,1.9
Norway,NOR,1987,2
Norway,NOR,1988,2.1
Norway,NOR,1989,2.2
Norway,NOR,1990,2.4
Norway,NOR,1991,2.4
Norway,NOR,1992,2.4
Norway,NOR,1993,2.5
Norway,NOR,1994,2.5
Norway,NOR,1995,2.4
Norway,NOR,1996,2.3
Norway,NOR,1997,2.3
Norway,NOR,1998,2.1
Norway,NOR,1999,2
Norway,NOR,2000,2.2
Norway,NOR,2001,2.3
Norway,NOR,2002,2.3
Norway,NOR,2003,2.4
Norway,NOR,2004,2.4
Norway,NOR,2005,2.4
Norway,NOR,2006,2.3
Norway,NOR,2007,2.2
Norway,NOR,2008,2.1
Norway,NOR,2009,2.1
Norway,NOR,2010,2.1
Norway,NOR,2011,2.1
Norway,NOR,2012,2
Norway,NOR,2013,2
Norway,NOR,2014,1.9
Norway,NOR,2015,1.9
Norway,NOR,2016,1.9
Norway,NOR,2017,2
Norway,NOR,2018,1.9
Norway,NOR,2019,1.9
Norway,NOR,2020,1.8
Norway,NOR,2021,1.64
Norway,NOR,2022,1.5
Poland,POL,1960,0.5
Poland,POL,1961,0.6
Poland,POL,1962,0.6
Poland,POL,1963,0.6
Poland,POL,1964,0.7
Poland,POL,1965,0.7
Poland,POL,1966,0.8
Poland,POL,1967,0.8
Poland,POL,1968,0.9
Poland,POL,1969,1
Poland,POL,1970,1.1
Poland,POL,1971,1.1
Poland,POL,1972,1.1
Poland,POL,1973,1.2
Poland,POL,1974,1.2
Poland,POL,1975,1.2
Poland,POL,1976,1.1
Poland,POL,1977,1.2
Poland,POL,1978,1
Poland,POL,1979,1.1
Poland,POL,1980,1.1
Poland,POL,1981,1.1
Poland,POL,1982,1.3
Poland,POL,1983,1.3
Poland,POL,1984,1.4
Poland,POL,1985,1.3
Poland,POL,1986,1.4
Poland,POL,1987,1.3
Poland,POL,1988,1.3
Poland,POL,1989,1.2
Poland,POL,1990,1.1
Poland,POL,1991,0.9
Poland,POL,1992,0.8
Poland,POL,1993,0.7
Poland,POL,1994,0.8
Poland,POL,1995,1
Poland,POL,1996,1
Poland,POL,1997,1.1
Poland,POL,1998,1.2
Poland,POL,1999,1.1
Poland,POL,2000,1.1
Poland,POL,2001,1.2
Poland,POL,2002,1.2
Poland,POL,2003,1.3
Poland,POL,2004,1.5
Poland,POL,2005,1.8
Poland,POL,2006,1.9
Poland,POL,2007,1.7
Poland,POL,2008,1.7
Poland,POL,2009,1.7
Poland,POL,2010,1.6
Poland,POL,2011,1.7
Poland,POL,2012,1.7
Poland,POL,2013,1.7
Poland,POL,2014,1.7
Poland,POL,2015,1.8
Poland,POL,2016,1.7
Poland,POL,2017,1.7
Poland,POL,2018,1.7
Poland,POL,2019,1.7
Poland,POL,2020,1.4
Poland,POL,2021,1.7
Poland,POL,2022,1.6
Portugal,PRT,1960,0.1
Portugal,PRT,1961,0.1
Portugal,PRT,1962,0.1
Portugal,PRT,1963,0.1
Portugal,PRT,1964,0.1
Portugal,PRT,1965,0.1
Portugal,PRT,1966,0.1
Portugal,PRT,1967,0.1
Portugal,PRT,1968,0.1
Portugal,PRT,1969,0.1
Portugal,PRT,1970,0.1
Portugal,PRT,1971,0.1
Portugal,PRT,1972,0.1
Portugal,PRT,1973,0.1
Portugal,PRT,1974,0.1
Portugal,PRT,1975,0.2
Portugal,PRT,1976,0.5
Portugal,PRT,1977,0.8
Portugal,PRT,1978,0.7
Portugal,PRT,1979,0.6
Portugal,PRT,1980,0.6
Portugal,PRT,1981,0.7
Portugal,PRT,1982,0.7
Portugal,PRT,1983,0.8
Portugal,PRT,1984,0.7
Portugal,PRT,1985,0.9
Portugal,PRT,1986,0.8
Portugal,PRT,1987,0.9
Portugal,PRT,1988,0.9
Portugal,PRT,1989,1
Portugal,PRT,1990,0.9
Portugal,PRT,1991,1.1
Portugal,PRT,1992,1.2
Portugal,PRT,1993,1.2
Portugal,PRT,1994,1.4
Portugal,PRT,1995,1.2
Portugal,PRT,1996,1.3
Portugal,PRT,1997,1.4
Portugal,PRT,1998,1.5
Portugal,PRT,1999,1.7
Portugal,PRT,2000,1.9
Portugal,PRT,2001,1.8
Portugal,PRT,2002,2.7
Portugal,PRT,2003,2.2
Portugal,PRT,2004,2.2
Portugal,PRT,2005,2.2
Portugal,PRT,2006,2.3
Portugal,PRT,2007,2.4
Portugal,PRT,2008,2.5
Portugal,PRT,2009,2.5
Portugal,PRT,2010,2.6
Portugal,PRT,2011,2.5
Portugal,PRT,2012,2.4
Portugal,PRT,2013,2.2
Portugal,PRT,2014,2.1
Portugal,PRT,2015,2.3
Portugal,PRT,2016,2.2
Portugal,PRT,2017,2.1
Portugal,PRT,2018,2
Portugal,PRT,2019,2
Portugal,PRT,2020,1.7
Portugal,PRT,2021,1.7
Portugal,PRT,2022,1.8
Romania,ROU,1960,2
Romania,ROU,1961,1.8
Romania,ROU,1962,2
Romania,ROU,1963,1.9
Romania,ROU,1964,1.9
Romania,ROU,1965,1.9
Romania,ROU,1966,1.3
Romania,ROU,1968,0.2
Romania,ROU,1969,0.3
Romania,ROU,1970,0.4
Romania,ROU,1971,0.5
Romania,ROU,1972,0.5
Romania,ROU,1973,0.7
Romania,ROU,1974,0.9
Romania,ROU,1975,1.6
Romania,ROU,1976,1.7
Romania,ROU,1977,1.2
Romania,ROU,1978,1.5
Romania,ROU,1979,1.6
Romania,ROU,1980,1.5
Romania,ROU,1981,1.5
Romania,ROU,1982,1.5
Romania,ROU,1983,1.5
Romania,ROU,1984,1.5
Romania,ROU,1985,1.4
Romania,ROU,1986,1.5
Romania,ROU,1987,1.5
Romania,ROU,1988,1.6
Romania,ROU,1989,1.6
Romania,ROU,1990,1.4
Romania,ROU,1991,1.6
Romania,ROU,1992,1.3
Romania,ROU,1993,1.4
Romania,ROU,1994,1.7
Romania,ROU,1995,1.5
Romania,ROU,1996,1.6
Romania,ROU,1997,1.5
Romania,ROU,1998,1.8
Romania,ROU,1999,1.5
Romania,ROU,2000,1.4
Romania,ROU,2001,1.4
Romania,ROU,2002,1.5
Romania,ROU,2003,1.5
Romania,ROU,2004,1.6
Romania,ROU,2005,1.6
Romania,ROU,2006,1.5
Romania,ROU,2007,1.7
Romania,ROU,2008,1.7
Romania,ROU,2009,1.6
Romania,ROU,2010,1.6
Romania,ROU,2011,1.8
Romania,ROU,2012,1.6
Romania,ROU,2013,1.4
Romania,ROU,2014,1.4
Romania,ROU,2015,1.6
Romania,ROU,2016,1.5
Romania,ROU,2017,1.6
Romania,ROU,2018,1.6
Romania,ROU,2019,1.6
Romania,ROU,2020,1.2
Romania,ROU,2021,1.4
Romania,ROU,2022,1.2
Russia,RUS,2010,4.5
Russia,RUS,2011,4.7
Russia,RUS,2012,4.5
Russia,RUS,2013,4.7
Slovakia,SVK,1960,0.6
Slovakia,SVK,1961,0.6
Slovakia,SVK,1962,0.6
Slovakia,SVK,1963,0.5
Slovakia,SVK,1964,0.5
Slovakia,SVK,1965,0.6
Slovakia,SVK,1966,0.6
Slovakia,SVK,1967,0.6
Slovakia,SVK,1968,0.7
Slovakia,SVK,1969,0.7
Slovakia,SVK,1970,0.8
Slovakia,SVK,1971,1
Slovakia,SVK,1972,0.9
Slovakia,SVK,1973,0.9
Slovakia,SVK,1974,1.2
Slovakia,SVK,1975,1.3
Slovakia,SVK,1976,1.3
Slovakia,SVK,1977,1.2
Slovakia,SVK,1978,1.3
Slovakia,SVK,1979,1.2
Slovakia,SVK,1980,1.3
Slovakia,SVK,1981,1.4
Slovakia,SVK,1982,1.3
Slovakia,SVK,1983,1.4
Slovakia,SVK,1984,1.3
Slovakia,SVK,1985,1.5
Slovakia,SVK,1986,1.6
Slovakia,SVK,1987,1.6
Slovakia,SVK,1988,1.6
Slovakia,SVK,1989,1.6
Slovakia,SVK,1990,1.7
Slovakia,SVK,1991,1.5
Slovakia,SVK,1992,1.5
Slovakia,SVK,1993,1.5
Slovakia,SVK,1994,1.6
Slovakia,SVK,1995,1.7
Slovakia,SVK,1996,1.7
Slovakia,SVK,1997,1.7
Slovakia,SVK,1998,1.7
Slovakia,SVK,1999,1.8
Slovakia,SVK,2000,1.7
Slovakia,SVK,2001,1.8
Slovakia,SVK,2002,2
Slovakia,SVK,2003,2
Slovakia,SVK,2004,2
Slovakia,SVK,2005,2.2
Slovakia,SVK,2006,2.4
Slovakia,SVK,2007,2.3
Slovakia,SVK,2008,2.4
Slovakia,SVK,2009,2.4
Slovakia,SVK,2010,2.2
Slovakia,SVK,2011,2.1
Slovakia,SVK,2012,2
Slovakia,SVK,2013,2
Slovakia,SVK,2014,1.9
Slovakia,SVK,2015,1.8
Slovakia,SVK,2016,1.7
Slovakia,SVK,2017,1.8
Slovakia,SVK,2018,1.8
Slovakia,SVK,2019,1.7
Slovakia,SVK,2020,1.5
Slovakia,SVK,2021,1.5
Slovakia,SVK,2022,1.5
Slovenia,SVN,1960,1
Slovenia,SVN,1961,1
Slovenia,SVN,1962,1
Slovenia,SVN,1963,1
Slovenia,SVN,1964,1
Slovenia,SVN,1965,1.1
Slovenia,SVN,1966,1.1
Slovenia,SVN,1967,1.2
Slovenia,SVN,1968,1.2
Slovenia,SVN,1969,1.2
Slovenia,SVN,1970,1.1
Slovenia,SVN,1971,1.1
Slovenia,SVN,1972,1.1
Slovenia,SVN,1973,1.2
Slovenia,SVN,1974,1.2
Slovenia,SVN,1975,1.2
Slovenia,SVN,1976,1.2
Slovenia,SVN,1977,1.3
Slovenia,SVN,1978,1.4
Slovenia,SVN,1979,1.2
Slovenia,SVN,1980,1.2
Slovenia,SVN,1981,1.3
Slovenia,SVN,1982,1.3
Slovenia,SVN,1983,1.4
Slovenia,SVN,1984,1.3
Slovenia,SVN,1985,1.3
Slovenia,SVN,1986,1.2
Slovenia,SVN,1987,1.1
Slovenia,SVN,1988,1
Slovenia,SVN,1989,1.1
Slovenia,SVN,1990,0.9
Slovenia,SVN,1991,0.9
Slovenia,SVN,1992,1
Slovenia,SVN,1993,1
Slovenia,SVN,1994,1
Slovenia,SVN,1995,0.8
Slovenia,SVN,1996,1
Slovenia,SVN,1997,1
Slovenia,SVN,1998,1
Slovenia,SVN,1999,1
Slovenia,SVN,2000,1.1
Slovenia,SVN,2001,1.1
Slovenia,SVN,2002,1.2
Slovenia,SVN,2003,1.2
Slovenia,SVN,2004,1.2
Slovenia,SVN,2005,1.3
Slovenia,SVN,2006,1.2
Slovenia,SVN,2007,1.3
Slovenia,SVN,2008,1.1
Slovenia,SVN,2009,1.1
Slovenia,SVN,2010,1.2
Slovenia,SVN,2011,1.1
Slovenia,SVN,2012,1.2
Slovenia,SVN,2013,1.1
Slovenia,SVN,2014,1.2
Slovenia,SVN,2015,1.2
Slovenia,SVN,2016,1.2
Slovenia,SVN,2017,1.2
Slovenia,SVN,2018,1.1
Slovenia,SVN,2019,1.2
Slovenia,SVN,2020,0.8
Slovenia,SVN,2021,1.1
Slovenia,SVN,2022,1
South Korea,KOR,1970,0.4
South Korea,KOR,1971,0.3
South Korea,KOR,1972,0.4
South Korea,KOR,1973,0.4
South Korea,KOR,1974,0.4
South Korea,KOR,1975,0.5
South Korea,KOR,1976,0.5
South Korea,KOR,1977,0.6
South Korea,KOR,1978,0.5
South Korea,KOR,1979,0.5
South Korea,KOR,1980,0.6
South Korea,KOR,1981,0.6
South Korea,KOR,1982,0.7
South Korea,KOR,1983,0.7
South Korea,KOR,1984,0.9
South Korea,KOR,1985,0.9
South Korea,KOR,1986,0.9
South Korea,KOR,1987,1
South Korea,KOR,1988,1
South Korea,KOR,1989,1
South Korea,KOR,1990,1.1
South Korea,KOR,1991,1.1
South Korea,KOR,1992,1.2
South Korea,KOR,1993,1.3
South Korea,KOR,1994,1.4
South Korea,KOR,1995,1.5
South Korea,KOR,1996,1.7
South Korea,KOR,1997,2
South Korea,KOR,1998,2.5
South Korea,KOR,1999,2.5
South Korea,KOR,2000,2.5
South Korea,KOR,2001,2.8
South Korea,KOR,2002,3
South Korea,KOR,2003,3.4
South Korea,KOR,2004,2.9
South Korea,KOR,2005,2.6
South Korea,KOR,2006,2.5
South Korea,KOR,2007,2.5
South Korea,KOR,2008,2.4
South Korea,KOR,2009,2.5
South Korea,KOR,2010,2.3
South Korea,KOR,2011,2.3
South Korea,KOR,2012,2.3
South Korea,KOR,2013,2.3
South Korea,KOR,2014,2.3
South Korea,KOR,2015,2.1
South Korea,KOR,2016,2.1
South Korea,KOR,2017,2.1
South Korea,KOR,2018,2.1
South Korea,KOR,2019,2.2
South Korea,KOR,2020,2.1
South Korea,KOR,2021,2
South Korea,KOR,2022,1.8
Spain,ESP,1981,0.3
Spain,ESP,1982,0.6
Spain,ESP,1983,0.5
Spain,ESP,1984,0.5
Spain,ESP,1985,0.5
Spain,ESP,1986,0.5
Spain,ESP,1987,0.5
Spain,ESP,1988,0.6
Spain,ESP,1989,0.6
Spain,ESP,1990,0.6
Spain,ESP,1991,0.7
Spain,ESP,1992,0.7
Spain,ESP,1993,0.7
Spain,ESP,1994,0.8
Spain,ESP,1995,0.8
Spain,ESP,1996,0.8
Spain,ESP,1997,0.9
Spain,ESP,1998,0.9
Spain,ESP,1999,0.9
Spain,ESP,2000,0.9
Spain,ESP,2001,1
Spain,ESP,2002,1
Spain,ESP,2003,1.1
Spain,ESP,2004,1.2
Spain,ESP,2005,1.7
Spain,ESP,2006,2.9
Spain,ESP,2007,2.8
Spain,ESP,2008,2.4
Spain,ESP,2009,2.1
Spain,ESP,2010,2.2
Spain,ESP,2011,2.2
Spain,ESP,2012,2.2
Spain,ESP,2013,2
Spain,ESP,2014,2.2
Spain,ESP,2015,2.1
Spain,ESP,2016,2.1
Spain,ESP,2017,2.1
Spain,ESP,2018,2
Spain,ESP,2019,1.9
Spain,ESP,2020,1.6
Spain,ESP,2021,1.8
Spain,ESP,2022,1.7
Sweden,SWE,1960,1.2
Sweden,SWE,1961,1.2
Sweden,SWE,1962,1.2
Sweden,SWE,1963,1.1
Sweden,SWE,1964,1.2
Sweden,SWE,1965,1.2
Sweden,SWE,1966,1.3
Sweden,SWE,1967,1.4
Sweden,SWE,1968,1.4
Sweden,SWE,1969,1.5
Sweden,SWE,1970,1.6
Sweden,SWE,1971,1.7
Sweden,SWE,1972,1.9
Sweden,SWE,1973,2
Sweden,SWE,1974,3.3
Sweden,SWE,1975,3.1
Sweden,SWE,1976,2.6
Sweden,SWE,1977,2.5
Sweden,SWE,1978,2.5
Sweden,SWE,1979,2.5
Sweden,SWE,1980,2.4
Sweden,SWE,1981,2.4
Sweden,SWE,1982,2.5
Sweden,SWE,1983,2.5
Sweden,SWE,1984,2.4
Sweden,SWE,1985,2.4
Sweden,SWE,1986,2.3
Sweden,SWE,1987,2.2
Sweden,SWE,1988,2.1
Sweden,SWE,1989,2.2
Sweden,SWE,1990,2.3
Sweden,SWE,1991,2.3
Sweden,SWE,1992,2.5
Sweden,SWE,1993,2.5
Sweden,SWE,1994,2.5
Sweden,SWE,1995,2.6
Sweden,SWE,1996,2.4
Sweden,SWE,1997,2.4
Sweden,SWE,1998,2.3
Sweden,SWE,1999,2.4
Sweden,SWE,2000,2.4
Sweden,SWE,2001,2.4
Sweden,SWE,2002,2.4
Sweden,SWE,2003,2.4
Sweden,SWE,2004,2.2
Sweden,SWE,2005,2.2
Sweden,SWE,2006,2.2
Sweden,SWE,2007,2.3
Sweden,SWE,2008,2.3
Sweden,SWE,2009,2.4
Sweden,SWE,2010,2.5
Sweden,SWE,2011,2.5
Sweden,SWE,2012,2.5
Sweden,SWE,2013,2.8
Sweden,SWE,2014,2.7
Sweden,SWE,2015,2.5
Sweden,SWE,2016,2.4
Sweden,SWE,2017,2.4
Sweden,SWE,2018,2.5
Sweden,SWE,2019,2.5
Sweden,SWE,2020,2.5
Sweden,SWE,2021,2.3
Sweden,SWE,2022,2.1
Switzerland,CHE,1960,0.9
Switzerland,CHE,1961,0.9
Switzerland,CHE,1962,0.8
Switzerland,CHE,1963,0.8
Switzerland,CHE,1964,0.8
Switzerland,CHE,1965,0.8
Switzerland,CHE,1966,0.8
Switzerland,CHE,1967,0.9
Switzerland,CHE,1968,0.9
Switzerland,CHE,1969,1
Switzerland,CHE,1970,1
Switzerland,CHE,1971,1.1
Switzerland,CHE,1972,1.2
Switzerland,CHE,1973,1.3
Switzerland,CHE,1974,1.3
Switzerland,CHE,1975,1.4
Switzerland,CHE,1976,1.5
Switzerland,CHE,1977,1.7
Switzerland,CHE,1978,1.7
Switzerland,CHE,1979,1.7
Switzerland,CHE,1980,1.7
Switzerland,CHE,1981,1.8
Switzerland,CHE,1982,1.8
Switzerland,CHE,1983,1.8
Switzerland,CHE,1984,1.7
Switzerland,CHE,1985,1.8
Switzerland,CHE,1986,1.8
Switzerland,CHE,1987,1.8
Switzerland,CHE,1988,1.9
Switzerland,CHE,1989,1.9
Switzerland,CHE,1990,2
Switzerland,CHE,1991,2
Switzerland,CHE,1992,2.1
Switzerland,CHE,1993,2.2
Switzerland,CHE,1994,2.2
Switzerland,CHE,1995,2.2
Switzerland,CHE,1996,2.3
Switzerland,CHE,1997,2.4
Switzerland,CHE,1998,2.5
Switzerland,CHE,1999,2.9
Switzerland,CHE,2000,1.5
Switzerland,CHE,2001,2.2
Switzerland,CHE,2002,2.2
Switzerland,CHE,2003,2.3
Switzerland,CHE,2004,2.4
Switzerland,CHE,2005,2.9
Switzerland,CHE,2006,2.8
Switzerland,CHE,2007,2.6
Switzerland,CHE,2008,2.6
Switzerland,CHE,2009,2.5
Switzerland,CHE,2010,2.8
Switzerland,CHE,2011,2.2
Switzerland,CHE,2012,2.2
Switzerland,CHE,2013,2.1
Switzerland,CHE,2014,2
Switzerland,CHE,2015,2.1
Switzerland,CHE,2016,2
Switzerland,CHE,2017,1.9
Switzerland,CHE,2018,1.9
Switzerland,CHE,2019,2
Switzerland,CHE,2020,1.9
Switzerland,CHE,2021,2
Switzerland,CHE,2022,1.8
Turkey,TUR,2003,0.8
Turkey,TUR,2004,1.3
Turkey,TUR,2005,1.4
Turkey,TUR,2006,1.3
Turkey,TUR,2007,1.3
Turkey,TUR,2008,1.4
Turkey,TUR,2009,1.6
Turkey,TUR,2010,1.6
Turkey,TUR,2011,1.6
Turkey,TUR,2012,1.6
Turkey,TUR,2013,1.6
Turkey,TUR,2014,1.7
Turkey,TUR,2015,1.7
Turkey,TUR,2016,1.6
Turkey,TUR,2017,1.6
Turkey,TUR,2018,1.7
Turkey,TUR,2019,1.9
Turkey,TUR,2020,1.62
Turkey,TUR,2022,2.1
United Kingdom,GBR,1965,0.7
United Kingdom,GBR,1966,0.7
United Kingdom,GBR,1967,0.8
United Kingdom,GBR,1968,0.8
United Kingdom,GBR,1969,0.9
United Kingdom,GBR,1970,1
United Kingdom,GBR,1971,1.3
United Kingdom,GBR,1972,2.1
United Kingdom,GBR,1973,1.9
United Kingdom,GBR,1974,2
United Kingdom,GBR,1975,2.1
United Kingdom,GBR,1976,2.3
United Kingdom,GBR,1977,2.3
United Kingdom,GBR,1978,2.6
United Kingdom,GBR,1979,2.5
United Kingdom,GBR,1980,2.6
United Kingdom,GBR,1981,2.6
United Kingdom,GBR,1982,2.6
United Kingdom,GBR,1983,2.6
United Kingdom,GBR,1984,2.6
United Kingdom,GBR,1985,2.8
United Kingdom,GBR,1986,2.7
United Kingdom,GBR,1987,2.7
United Kingdom,GBR,1988,2.7
United Kingdom,GBR,1989,2.6
United Kingdom,GBR,1990,2.7
United Kingdom,GBR,1991,2.8
United Kingdom,GBR,1992,2.8
United Kingdom,GBR,1993,2.9
United Kingdom,GBR,1994,2.7
United Kingdom,GBR,1995,2.9
United Kingdom,GBR,1996,3
United Kingdom,GBR,1997,2.8
United Kingdom,GBR,1998,2.7
United Kingdom,GBR,1999,2.7
United Kingdom,GBR,2000,2.6
United Kingdom,GBR,2001,2.7
United Kingdom,GBR,2002,2.7
United Kingdom,GBR,2003,2.8
United Kingdom,GBR,2004,2.8
United Kingdom,GBR,2005,2.6
United Kingdom,GBR,2006,2.4
United Kingdom,GBR,2007,2.3
United Kingdom,GBR,2008,2.2
United Kingdom,GBR,2009,2
United Kingdom,GBR,2010,2.1
United Kingdom,GBR,2011,2.1
United Kingdom,GBR,2012,2.1
United Kingdom,GBR,2013,2
United Kingdom,GBR,2014,1.9
United Kingdom,GBR,2015,1.7
United Kingdom,GBR,2016,1.8
United Kingdom,GBR,2017,1.7
United Kingdom,GBR,2018,1.5
United Kingdom,GBR,2019,1.8
United Kingdom,GBR,2020,1.7
United States,USA,1970,3.5
United States,USA,1985,5
United States,USA,1992,4.8
United States,USA,1993,4.6
United States,USA,1994,4.6
United States,USA,1995,4.4
United States,USA,1996,4.3
United States,USA,1997,4.3
United States,USA,1998,4.2
United States,USA,2000,4
United States,USA,2001,4
United States,USA,2002,3.9
United States,USA,2003,3.8
United States,USA,2004,3.7
United States,USA,2005,3.6
United States,USA,2006,3.7
United States,USA,2007,3.6
United States,USA,2008,3.5
United States,USA,2009,3.5
United States,USA,2010,3.6
United States,USA,2011,3.6
United States,USA,2012,3.4
United States,USA,2013,3.3
United States,USA,2014,3.2
United States,USA,2015,3.1
United States,USA,2016,3
United States,USA,2017,2.9
United States,USA,2018,2.9
United States,USA,2019,2.7
United States,USA,2020,2.299
United States,USA,2021,2.5